ID,img,title,price
0,./img_mu/1_0.jpg,8/17 배송 roll-up BL-navy,"71,900원"
1,./img_mu/1_1.jpg,8/17 배송 roll-up BL-white,"71,900원"
2,./img_mu/1_2.jpg,8/17 배송 roll-up BL-light beige,"71,900원"
3,./img_mu/1_3.jpg,8/17 배송 hanji round knit TOP-navy,"59,700원"
4,./img_mu/1_4.jpg,8/17 배송 hanji round knit TOP-oatmeal,"59,700원"
5,./img_mu/1_5.jpg,8/17 배송 hanji round knit TOP-ivory,"59,700원"
6,./img_mu/1_6.jpg,8/17 배송 supima cotton v-neck TOP-black,"37,500원"
7,./img_mu/1_7.jpg,8/17 배송 supima cotton v-neck TOP-beige,"37,500원"
8,./img_mu/1_8.jpg,8/17 배송 supima cotton v-neck TOP-white,"37,500원"
9,./img_mu/1_9.jpg,8/17 배송 over fit supima cotton TOP-white,"35,100원"
10,./img_mu/1_10.jpg,8/17 배송 over fit supima cotton TOP-beige,"35,100원"
11,./img_mu/1_11.jpg,8/17 배송 over fit supima cotton TOP-khaki,"35,100원"
12,./img_mu/1_12.jpg,8/17 배송 raw classic half denim,"49,800원"
13,./img_mu/1_13.jpg,8/17 배송 A-line belted cotton SK-cream,"84,200원"
14,./img_mu/1_14.jpg,8/17 배송 cotton pintuck leg PT-ivory,"103,800원"
15,./img_mu/1_15.jpg,8/17 배송 wide pleat half PT-beige,"69,000원"
16,./img_mu/1_16.jpg,8/17 배송 wide pleat half PT-white,"69,000원"
17,./img_mu/1_17.jpg,8/17 배송 banding wide PT-black,"66,400원"
18,./img_mu/1_18.jpg,8/17 배송 banding wide PT-beige,"66,400원"
19,./img_mu/1_19.jpg,8/17 배송 garment dyeing denim PT,"65,000원"
20,./img_mu/1_20.jpg,8/17 배송 straight washing denim PT,"69,200원"
21,./img_mu/1_21.jpg,8/17 배송 vintage cuting denim PT,"66,400원"
22,./img_mu/1_22.jpg,8/17 배송 light dyeing denim PT,"55,000원"
23,./img_mu/1_23.jpg,8/17 배송 dyeing denim PT,"61,100원"
24,./img_mu/1_24.jpg,The endless saturday tee / white,"49,000원"
25,./img_mu/1_25.jpg,The endless saturday tee / black,"49,000원"
26,./img_mu/1_26.jpg,H.U.G tee / black,"49,000원"
27,./img_mu/1_27.jpg,NTD LOGO tee / white,"49,000원"
28,./img_mu/1_28.jpg,NTD LOGO tee / orange,"49,000원"
29,./img_mu/1_29.jpg,Saturday beach club tee / navy,"49,000원"
30,./img_mu/1_30.jpg,Saturday beach club tee / red,"49,000원"
31,./img_mu/1_31.jpg,Saturday beach club tee / white,"49,000원"
32,./img_mu/1_32.jpg,Circle logo tee / navy,"49,000원"
33,./img_mu/1_33.jpg,Circle logo tee / white,"49,000원"
34,./img_mu/1_34.jpg,Seaside boys tee / orange,"49,000원"
35,./img_mu/1_35.jpg,Seaside boys tee / white,"49,000원"
36,./img_mu/1_36.jpg,Saturday for life Cap (ivory)," 44,100원"
37,./img_mu/1_37.jpg,Saturday Cap (RED)," 44,100원"
38,./img_mu/1_38.jpg,Saturday Cap (NAVY)," 44,100원"
39,./img_mu/1_39.jpg,Circle logo cap / white,"49,000원"
40,./img_mu/1_40.jpg,인핏 솔리드 여성 화이트 브라탑(FI4ITD6448FWHI),"27,000원"
41,./img_mu/1_41.jpg,인핏 솔리드 여성 브라(FI4BAD6445FDRD),"22,000원"
42,./img_mu/1_42.jpg,인핏 솔리드 여성 브라(FI4BAD6445FDID),"22,000원"
43,./img_mu/1_43.jpg,인핏 솔리드 여성 브리프(FI4BFD6445FDRD),"10,000원"
44,./img_mu/1_44.jpg,인핏 솔리드 여성 브리프(FI4BFD6445FDID),"10,000원"
45,./img_mu/1_45.jpg,인핏 솔리드 여성 드로즈(FI4DRD6449FLML),"11,000원"
46,./img_mu/1_46.jpg,인핏 솔리드 여성 드로즈(FI4DRD6445FDRD),"10,000원"
47,./img_mu/1_47.jpg,인핏 솔리드 여성 드로즈(FI4DRD6445FDID),"10,000원"
48,./img_mu/1_48.jpg,인핏 솔리드 여성 사각드로즈(FI4DRD6447FLML),"12,000원"
49,./img_mu/1_49.jpg,인핏 솔리드 여성 사각드로즈(FI4DRD6447FDID),"12,000원"
50,./img_mu/1_50.jpg,인핏 솔리드 남성 드로즈(FI4DRD6405MLML),"12,000원"
51,./img_mu/1_51.jpg,인핏 솔리드 남성 드로즈(FI4DRD6405MDRD),"12,000원"
52,./img_mu/1_52.jpg,인핏 솔리드 남성 드로즈(FI4DRD6405MDID),"12,000원"
53,./img_mu/1_53.jpg,에센셜 긴팔티셔츠 CHARCOAL,"69,000원"
54,./img_mu/1_54.jpg,에센셜 긴팔티셔츠 BLACK,"69,000원"
55,./img_mu/1_55.jpg,레인보우 반팔티셔츠 M.GREY,"59,000원"
56,./img_mu/1_56.jpg,레인보우 반팔티셔츠 PURPLE,"59,000원"
57,./img_mu/1_57.jpg,레인보우 반팔티셔츠 PINK,"59,000원"
58,./img_mu/1_58.jpg,에센셜 긴팔티셔츠 WHITE,"69,000원"
59,./img_mu/1_59.jpg,모먼트 스트라이프 긴팔티셔츠 GREEN,"79,000원"
60,./img_mu/1_60.jpg,모먼트 스트라이프 긴팔티셔츠 BLACK,"79,000원"
61,./img_mu/1_61.jpg,컬러플러스 레인보우 맨투맨 M.GREY,"89,000원"
62,./img_mu/1_62.jpg,컬러플러스 레인보우 맨투맨 PURPLE,"89,000원"
63,./img_mu/1_63.jpg,컬러플러스 레인보우 맨투맨 Y.GREEN,"89,000원"
64,./img_mu/1_64.jpg,컬러플러스 레인보우 맨투맨 YELLOW,"89,000원"
65,./img_mu/1_65.jpg,컬러플러스 레인보우 맨투맨 PINK,"89,000원"
66,./img_mu/1_66.jpg,스트링 토트백 BLACK,"79,000원"
67,./img_mu/1_67.jpg,스트링 토트백 KHAKI,"79,000원"
68,./img_mu/1_68.jpg,코튼 워싱 캠프캡 BLACK,"39,000원"
69,./img_mu/1_69.jpg,코튼 워싱 캠프캡 YELLOW,"39,000원"
70,./img_mu/1_70.jpg,코튼 워싱 캠프캡 BLUE,"39,000원"
71,./img_mu/1_71.jpg,코튼 워싱 캠프캡 GREEN,"39,000원"
72,./img_mu/1_72.jpg,레터링 볼캡 BLACK,"39,000원"
73,./img_mu/1_73.jpg,레터링 볼캡 BLUE,"39,000원"
74,./img_mu/1_74.jpg,레터링 볼캡 O.RED,"39,000원"
75,./img_mu/1_75.jpg,레터링 볼캡 GREEN,"39,000원"
76,./img_mu/1_76.jpg,크루 양말 IVORY,"9,900원"
77,./img_mu/1_77.jpg,크루 양말 NAVY,"9,900원"
78,./img_mu/1_78.jpg,컬러플러스 로고 슬리브리스 BLACK,"45,000원"
79,./img_mu/1_79.jpg,컬러플러스 로고 슬리브리스 WHITE,"45,000원"
80,./img_mu/1_80.jpg,컬러플러스 로고 슬리브리스 YELLOW,"45,000원"
81,./img_mu/1_81.jpg,컬러플러스 로고 반팔티셔츠 YELLOW,"49,000원"
82,./img_mu/1_82.jpg,컬러플러스 로고 반팔티셔츠 PINK,"49,000원"
83,./img_mu/1_83.jpg,컬러플러스 로고 반팔티셔츠 BLACK,"49,000원"
84,./img_mu/1_84.jpg,컬러플러스 로고 반팔티셔츠 WHITE,"49,000원"
85,./img_mu/1_85.jpg,컬러플러스 로고 반팔티셔츠 GREEN,"49,000원"
86,./img_mu/1_86.jpg,컬러플러스 미니로고 숏팬츠 BROWN,"79,000원"
87,./img_mu/1_87.jpg,컬러플러스 미니로고 숏팬츠 NAVY,"79,000원"
88,./img_mu/1_88.jpg,컬러플러스 미니로고 숏팬츠 BLACK,"79,000원"
89,./img_mu/1_89.jpg,컬러플러스 미니로고 숏팬츠 KHAKI,"79,000원"
90,./img_mu/1_90.jpg,컬러플러스 미니로고 숏팬츠 RED,"79,000원"
91,./img_mu/1_91.jpg,컬러플러스 미니로고 숏팬츠 YELLOW,"79,000원"
92,./img_mu/1_92.jpg,컬러플러스 볼캡 MINT GREEN,"39,000원"
93,./img_mu/1_93.jpg,컬러플러스 볼캡 PINK,"39,000원"
94,./img_mu/1_94.jpg,컬러플러스 볼캡 NAVY,"39,000원"
95,./img_mu/1_95.jpg,컬러플러스 볼캡 KHAKI,"39,000원"
96,./img_mu/1_96.jpg,컬러플러스 볼캡 BLACK,"39,000원"
97,./img_mu/1_97.jpg,컬러플러스 볼캡 YELLOW,"39,000원"
98,./img_mu/1_98.jpg,컬러플러스 볼캡 RED,"39,000원"
99,./img_mu/1_99.jpg,KODACOLOR 플립플랍 BLACK,"45,000원"
100,./img_mu/1_100.jpg,8/11 배송 KODACOLOR 플립플랍 IVORY,"45,000원"
101,./img_mu/1_101.jpg,KODACOLOR 플립플랍 YELLOW,"45,000원"
102,./img_mu/1_102.jpg,KODACOLOR 플립플랍 GREEN,"45,000원"
103,./img_mu/1_103.jpg,8/13 배송 유틸리티 빅오버 옥스포드 셔츠_Sky Blue Stripe," 49,000원"
104,./img_mu/1_104.jpg,8/13 배송 유틸리티 빅오버 옥스포드 셔츠_Royal Blue," 49,000원"
105,./img_mu/1_105.jpg,8/13 배송 유틸리티 빅오버 옥스포드 셔츠_Off White," 49,000원"
106,./img_mu/1_106.jpg,헤비 코튼 오버 멀티포켓 럭비 티셔츠_Midnight Blue," 39,000원"
107,./img_mu/1_107.jpg,헤비 코튼 오버 멀티포켓 럭비 티셔츠_Olive Khaki," 39,000원"
108,./img_mu/1_108.jpg,헤비 코튼 오버 멀티포켓 럭비 티셔츠_Melange Gray," 39,000원"
109,./img_mu/1_109.jpg,헤비 코튼 오버 럭비 맨투맨_Midnight Blue," 39,000원"
110,./img_mu/1_110.jpg,헤비 코튼 오버 럭비 맨투맨_Olive Khaki," 39,000원"
111,./img_mu/1_111.jpg,헤비 코튼 오버 럭비 맨투맨_Melange Gray," 39,000원"
112,./img_mu/1_112.jpg,헤비 코튼 오버 럭비 티셔츠_Black," 39,000원"
113,./img_mu/1_113.jpg,헤비 코튼 오버 럭비 티셔츠_Melange Gray," 39,000원"
114,./img_mu/1_114.jpg,헤비 코튼 오버 럭비 티셔츠_Royal Green," 39,000원"
115,./img_mu/1_115.jpg,헤비 코튼 오버 럭비 티셔츠_Sanddle Brown," 39,000원"
116,./img_mu/1_116.jpg,헤비 코튼 오버 럭비 티셔츠_Olive Khaki," 39,000원"
117,./img_mu/1_117.jpg,헤비 코튼 오버 럭비 티셔츠_Sand Beige," 39,000원"
118,./img_mu/1_118.jpg,헤비 코튼 오버 럭비 티셔츠_Midnight Blue," 39,000원"
119,./img_mu/1_119.jpg,8/11 배송 배색 카라 아노락 셔츠_Green Check," 49,000원"
120,./img_mu/1_120.jpg,8/11 배송 시티보이 빅오버 글렌 체크 셔츠_Glen Check," 49,000원"
121,./img_mu/1_121.jpg,8/12 배송 시어서커 빅오버 패치워크 셔츠_Stripe," 49,000원"
122,./img_mu/1_122.jpg,시티보이 빅오버 워싱 데님 셔츠_Black," 49,800원"
123,./img_mu/1_123.jpg,8/16 배송 시티보이 빅오버 워싱 데님 셔츠_Middle Blue," 49,800원"
124,./img_mu/1_124.jpg,8/16 배송 시티보이 빅오버 워싱 데님 셔츠_Light Blue," 49,800원"
125,./img_mu/1_125.jpg,8/13 배송 라이트 투턱 와이드 화이트 데님_Cream," 46,000원"
126,./img_mu/1_126.jpg,8/13 배송 레이 테크 오버핏 후드 집업 자켓_Olive Khaki," 58,000원"
127,./img_mu/1_127.jpg,8/13 배송 레이 테크 오버핏 후드 집업 자켓_Midnight Blue," 58,000원"
128,./img_mu/1_128.jpg,8/13 배송 레이 테크 오버핏 후드 집업 자켓_Black," 58,000원"
129,./img_mu/1_129.jpg,8/13 배송 레이 테크 오버핏 후드 집업 자켓_Burgundy," 58,000원"
130,./img_mu/1_130.jpg,8/17 배송 시티보이 테이퍼드 와이드 투턱 레이 팬츠_Midnight Blue," 49,000원"
131,./img_mu/1_131.jpg,8/17 배송 시티보이 테이퍼드 와이드 투턱 레이 팬츠_Dim Gray," 49,000원"
132,./img_mu/1_132.jpg,8/17 배송 시티보이 테이퍼드 와이드 투턱 레이 팬츠_Mocha Beige," 49,000원"
133,./img_mu/1_133.jpg,테이퍼드 와이드 셰프 팬츠_Olive Khaki," 49,000원"
134,./img_mu/1_134.jpg,테이퍼드 와이드 셰프 팬츠_Midnight Blue," 49,000원"
135,./img_mu/1_135.jpg,테이퍼드 와이드 셰프 팬츠_Sand Beige," 49,000원"
136,./img_mu/1_136.jpg,#0237 trabus paint jeans," 49,000원"
137,./img_mu/1_137.jpg,#0267 BLACK WILD DESTROYED WIDE FIT," 49,000원"
138,./img_mu/1_138.jpg,2725 WASHING DENIM ZIPPER JACKET BLACK," 49,000원"
139,./img_mu/1_139.jpg,[UNISEX]스몰 구름 스마일 화이트클립 반팔티_화이트," 19,500원"
140,./img_mu/1_140.jpg,[UNISEX]플라워 자수 백로고 화이트클립 반팔티_화이트," 24,500원"
141,./img_mu/1_141.jpg,[UNISEX]플라워도트 자수 화이트클립 반팔티_화이트," 22,500원"
142,./img_mu/1_142.jpg,[UNISEX]그린 드로잉 선인장 스마일 화이트 클립 피케티_블랙," 24,400원"
143,./img_mu/1_143.jpg,[UNISEX]도트 서핑 보드 화이트클립 반팔티_블랙," 19,400원"
144,./img_mu/1_144.jpg,[UNISEX]드로잉하트 백로고 화이트클립 반팔티_네이비," 20,800원"
145,./img_mu/1_145.jpg,PEACE HOLY 자수 MTM cream," 26,000원"
146,./img_mu/1_146.jpg,PEACE HOLY 자수 MTM black," 29,250원"
147,./img_mu/1_147.jpg,Crayon graffiti 자수 맨투맨 블랙," 29,250원"
148,./img_mu/1_148.jpg,DIETING COMME MTM CREAM," 29,250원"
149,./img_mu/1_149.jpg,고트 소매 플라워 맨투맨 오트밀," 29,250원"
150,./img_mu/1_150.jpg,N212UTS902 세미 오버핏 박스 로고 반팔 티셔츠 TQ CERAMIC," 35,200원"
151,./img_mu/1_151.jpg,N212UTS902 세미 오버핏 박스 로고 반팔 티셔츠 CARBON BLACK," 35,200원"
152,./img_mu/1_152.jpg,N212UTS902 세미 오버핏 박스 로고 반팔 티셔츠 WHITE," 35,200원"
153,./img_mu/1_153.jpg,LOGO PATCHED T-SHIRT - BLACK," 17,200원"
154,./img_mu/1_154.jpg,LOGO PATCHED T-SHIRT - WHITE," 21,500원"
155,./img_mu/1_155.jpg,BIG LOGO LONG SLEEVE TEE - SKY," 29,500원"
156,./img_mu/1_156.jpg,리버시블 빈티지 로고 티셔츠 [다크 그레이]," 29,400원"
157,./img_mu/1_157.jpg,NLD 프린팅 자수 오버핏 반팔티," 37,100원"
158,./img_mu/1_158.jpg,머미 프린팅 자수 오버핏 반팔티," 37,100원"
159,./img_mu/1_159.jpg,8/9 배송 유니섹스 죠스 오버핏 프린팅 반팔 티셔츠_블랙," 37,100원"
160,./img_mu/1_160.jpg,핸드 페인팅 티셔츠 블랙," 31,850원"
161,./img_mu/1_161.jpg,시그니쳐 로고 티셔츠 블랙," 27,300원"
162,./img_mu/1_162.jpg,시그니쳐 로고 티셔츠 오렌지," 27,300원"
163,./img_mu/1_163.jpg,MONOGRAM LOGO KNIT (CAMEL)," 37,800원"
164,./img_mu/1_164.jpg,MONOGRAM LOGO KNIT (IVORY)," 37,800원"
165,./img_mu/1_165.jpg,MONOGRAM LOGO KNIT (BLACK)," 37,800원"
166,./img_mu/1_166.jpg,323 TEE (BLACK)," 15,200원"
167,./img_mu/1_167.jpg,[311217NY] 아르헨티나 티셔츠 - 네이비," 15,900원"
168,./img_mu/1_168.jpg,[311172BK] 아웃라인 티셔츠 - 블랙," 9,900원"
169,./img_mu/1_169.jpg,백프론트 트레포일 티 - 화이트 / GN3453," 24,900원"
170,./img_mu/1_170.jpg,심슨 3ST 티 - 블랙 / HA5815," 24,900원"
171,./img_mu/1_171.jpg,요다 티 - 아이보리 / GP3461," 24,900원"
172,./img_mu/1_172.jpg,헐크 티 - 아이보리 / GP3398," 24,900원"
173,./img_mu/1_173.jpg,크롭 탑 - 에메랄드 / GN2808," 19,900원"
174,./img_mu/1_174.jpg,슈무 티셔츠 - 와인 / GD3518," 19,900원"
175,./img_mu/1_175.jpg,텐셀 린넨 세미 오버핏 셔츠 화이트," 25,200원"
176,./img_mu/1_176.jpg,텐셀 린넨 세미 오버핏 셔츠 네이비," 25,200원"
177,./img_mu/1_177.jpg,텐셀 린넨 세미 오버핏 셔츠 오트밀," 25,200원"
178,./img_mu/1_178.jpg,텐셀 린넨 세미 오버핏 셔츠 카키," 25,200원"
179,./img_mu/1_179.jpg,8/11 배송 텐셀 린넨 세미 오버핏 셔츠 블랙," 25,200원"
180,./img_mu/1_180.jpg,텐셀 린넨 세미 오버핏 셔츠 라이트그레이," 25,200원"
181,./img_mu/1_181.jpg,DJ HANDSOME DAN SHIRT KHAKI," 23,600원"
182,./img_mu/1_182.jpg,DJ HANDSOME DAN SHIRT GRAY," 23,600원"
183,./img_mu/1_183.jpg,DJ HANDSOME DAN SHIRT NAVY," 23,600원"
184,./img_mu/1_184.jpg,EMBRIODERY DJ HANDSOME DAN TEE BLUE," 19,500원"
185,./img_mu/1_185.jpg,디자이어 반팔티 (2컬러)," 13,900원"
186,./img_mu/1_186.jpg,페인팅 반팔티 (2컬러)," 13,900원"
187,./img_mu/1_187.jpg,오프 시그니쳐 티셔츠 (화이트)," 12,900원"
188,./img_mu/1_188.jpg,언발란스 절개 프린트티 LMTRJ2A18-NAVY_G," 9,900원"
189,./img_mu/1_189.jpg,언발란스 절개 프린트티 LMTRJ2A18-WHITE_G," 9,900원"
190,./img_mu/1_190.jpg,언발란스 절개 프린트티 LMTRJ2A18-BLACK_G," 9,900원"
191,./img_mu/1_191.jpg,세미오버 하트어택 티셔츠 Blue," 21,000원"
192,./img_mu/1_192.jpg,8/13 배송 퍼피돌핀 점핑 반팔티 오버핏 화이트," 24,500원"
193,./img_mu/1_193.jpg,8/13 배송 퍼피돌핀 점핑 반팔티 WOMEN 화이트," 24,500원"
194,./img_mu/1_194.jpg,퍼피돌핀 점핑 반팔티 오버핏 블랙," 24,500원"
195,./img_mu/1_195.jpg,퍼피돌핀 점핑 반팔티 WOMEN 블랙," 24,500원"
196,./img_mu/1_196.jpg,퍼피돌핀 점핑 반팔티 오버핏 그레이," 24,500원"
197,./img_mu/1_197.jpg,EFF 투포켓 옥스퍼드 반팔 셔츠 다크 그레이," 31,050원"
198,./img_mu/1_198.jpg,EFF 투포켓 옥스퍼드 반팔 셔츠 스트라이프," 31,050원"
199,./img_mu/1_199.jpg,EFF 플래그 스트라이프 반팔 티셔츠 네이비," 21,500원"
200,./img_mu/1_200.jpg,EFF NYC 빅 아치로고 반팔 티셔츠 네이비," 19,350원"
201,./img_mu/1_201.jpg,EFF 빈티지로고 반팔 티셔츠 화이트," 21,500원"
202,./img_mu/1_202.jpg,[GF70RD] 리버스 위브 크루 - 레드," 19,900원"
203,./img_mu/1_203.jpg,[GF68OG] 리버스 위브 풀오버 후드 - 옥스포드 그레이," 26,900원"
204,./img_mu/1_204.jpg,[GF70OG] 리버스 위브 크루 - 옥스포드 그레이," 19,900원"
205,./img_mu/1_205.jpg,[CB] 와플원단 베이직 와펜 브이넥 베스트 ME," 27,000원"
206,./img_mu/1_206.jpg,[CB] Retro TV 오버핏 반팔티 White," 25,000원"
207,./img_mu/1_207.jpg,[CB] 어텐션 오버핏 반팔티_BK," 24,000원"
208,./img_mu/1_208.jpg,홀리데이 반팔티셔츠(화이트)," 20,900원"
209,./img_mu/1_209.jpg,스튜디오 반팔티셔츠(화이트)," 20,900원"
210,./img_mu/1_210.jpg,워시 포켓 반팔티셔츠(모카)," 21,900원"
211,./img_mu/1_211.jpg,Beach S/S T-Shirts(Mint)," 18,900원"
212,./img_mu/1_212.jpg,[K121NA] 미드웨이트 후드 스웨트셔츠 - 네이비," 24,900원"
213,./img_mu/1_213.jpg,B-스테디 하프 폴라넥-차콜," 14,950원"
214,./img_mu/1_214.jpg,시그니쳐 심볼 럭비 크롭 하프 슬리브[블랙]," 31,850원"
215,./img_mu/1_215.jpg,시그니쳐 심볼 럭비 크롭 하프 슬리브[핑크]," 31,850원"
216,./img_mu/1_216.jpg,시그니처 심볼 럭비 하프 슬리브[네이비]," 38,350원"
217,./img_mu/1_217.jpg,시그니처 심볼 럭비 하프 슬리브[블랙]," 38,350원"
218,./img_mu/1_218.jpg,HOD 아치 로고 티셔츠 (오트밀)," 24,500원"
219,./img_mu/1_219.jpg,HOD 아치 로고 티셔츠 (화이트)," 24,500원"
220,./img_mu/1_220.jpg,HOD 아치 로고 티셔츠 (블랙)," 24,500원"
221,./img_mu/1_221.jpg,캠핑 들꽃 크롭티 WHRPB2535F," 11,900원"
222,./img_mu/1_222.jpg,피쉬 요세미티 티셔츠 WHRAB2424U," 11,900원"
223,./img_mu/1_223.jpg,스티브 스트라이프 셔츠 WHYSB2102U [라이트그린]," 17,900원"
224,./img_mu/1_224.jpg,스티브 왼가 티셔츠 WHRAB2102U," 11,900원"
225,./img_mu/1_225.jpg,스티브 스트라이프 셔츠 WHYSB2102U [라이트블루]," 17,900원"
226,./img_mu/1_226.jpg,[패키지]유니섹스 오버핏 오리지널 반팔 2pack 티셔츠," 10,000원"
227,./img_mu/1_227.jpg,유니섹스 오버핏 시그니처 2 반팔[네온그린]," 10,000원"
228,./img_mu/1_228.jpg,다이애그널 투라인 타이다이 티셔츠 [블랙]," 15,750원"
229,./img_mu/1_229.jpg,더블 블레이저 (스트라이프)," 68,000원"
230,./img_mu/1_230.jpg,미니멀 히든 블레이저 (그레이-베이지)," 68,000원"
231,./img_mu/1_231.jpg,리버서블 미들 다운 재킷 (카키베이지-블랙)," 99,000원"
232,./img_mu/1_232.jpg,울 트렌치코트 (블랙)," 99,000원"
233,./img_mu/1_233.jpg,하와이안 파인 하프 셔츠 네이비," 19,800원"
234,./img_mu/1_234.jpg,하와이안 파인 하프 셔츠 화이트," 19,800원"
235,./img_mu/1_235.jpg,내츄럴 루즈핏 팬츠," 29,400원"
236,./img_mu/1_236.jpg,ChaCha T-shirt(WHITE)," 15,400원"
237,./img_mu/1_237.jpg,Wet Denim Pants(BLUE)," 42,500원"
238,./img_mu/1_238.jpg,OVER COOL SLEEVELESS [WHITE]," 25,900원"
239,./img_mu/1_239.jpg,OVER COOL SLEEVELESS [BLACK]," 25,900원"
240,./img_mu/1_240.jpg,BASIC SWEAT HALFPANTS [GREY]," 35,900원"
241,./img_mu/1_241.jpg,우먼 조르단 신슐레이터 지퍼 베스트 - 블랙," 47,900원"
242,./img_mu/1_242.jpg,우먼 페이크 레더 콤보 플리츠 스커트 - 카키," 68,900원"
243,./img_mu/1_243.jpg,arch logo sweatshirts black," 37,800원"
244,./img_mu/1_244.jpg,arch logo sweatshirts khaki," 37,800원"
245,./img_mu/1_245.jpg,arch logo sweatshirts navy," 37,800원"
246,./img_mu/1_246.jpg,army fatigue pants beige," 45,000원"
247,./img_mu/1_247.jpg,20fw m51 pants black," 62,300원"
248,./img_mu/1_248.jpg,og utility fatigue pants beige," 47,400원"
249,./img_mu/1_249.jpg,유틸리티 커브 포켓 루즈핏 옥스포드 하프 셔츠 네이비," 30,720원"
250,./img_mu/1_250.jpg,유틸리티 커브 포켓 루즈핏 옥스포드 하프 셔츠 스카이블루," 30,720원"
251,./img_mu/1_251.jpg,원 턱 버뮤다 밴딩 팬츠 블랙," 23,200원"
252,./img_mu/1_252.jpg,원 턱 버뮤다 밴딩 팬츠 베이지," 23,200원"
253,./img_mu/1_253.jpg,프론트 심 2WAY 와이드핏 스웻팬츠 네이비," 23,200원"
254,./img_mu/1_254.jpg,이지 니티드 보트넥 티셔츠 (Black)," 28,000원"
255,./img_mu/1_255.jpg,리커넥트 포멀 세미와이드 부츠컷 슬랙스_Gray," 60,000원"
256,./img_mu/1_256.jpg,BANDANA T-SHIRT BLACK," 21,300원"
257,./img_mu/1_257.jpg,BANDANA T-SHIRT NAVY," 21,300원"
258,./img_mu/1_258.jpg,BDU SHORTS BLACK," 39,000원"
259,./img_mu/1_259.jpg,에센셜 카라 온오프 하프 니트 가디건 (BLACK)," 30,100원"
260,./img_mu/1_260.jpg,8/9 배송 원 포켓 미니멀 카라 오버핏 셔츠 (NAVY)," 31,600원"
261,./img_mu/1_261.jpg,에센셜 크루넥 하프니트 (BLACK)," 18,100원"
262,./img_mu/1_262.jpg,8/13 배송 에센셜 레이어드 슬리브 반팔 티셔츠 (AVOCADO)," 16,300원"
263,./img_mu/1_263.jpg,8/13 배송 에센셜 레이어드 슬리브 반팔 티셔츠 (BLACK)," 16,300원"
264,./img_mu/1_264.jpg,멀티 스트랩 미니 스퀘어 백 (BLACK)," 36,000원"
265,./img_mu/1_265.jpg,Logo Nylon T-Shirts (WHITE)," 29,400원"
266,./img_mu/1_266.jpg,Logo Nylon T-Shirts (BLACK)," 29,400원"
267,./img_mu/1_267.jpg,Logo Nylon T-Shirts (GRAY)," 29,400원"
268,./img_mu/1_268.jpg,SNIPER BUCKET HAT (BLACK)," 27,300원"
269,./img_mu/1_269.jpg,SNIPER BUCKET HAT (LIGHT GRAY)," 27,300원"
270,./img_mu/1_270.jpg,헤비쮸리 하프 맨투맨 [애쉬그레이]," 14,900원"
271,./img_mu/1_271.jpg,스퀘어 레더 플랩 [화이트]," 34,500원"
272,./img_mu/1_272.jpg,썸머 스트라이프 린넨 반팔티셔츠 (블랙)," 35,900원"
273,./img_mu/1_273.jpg,리버시블 BK 라벨 버킷햇 (블랙)," 24,200원"
274,./img_mu/1_274.jpg,WorkShorts_Black," 48,000원"
275,./img_mu/1_275.jpg,Mccoyii Denim Shorts," 48,300원"
276,./img_mu/1_276.jpg,[PACKAGE] 골지 스판 밴딩 스탠다드 팬츠 / GMP012-1791SS21 (6 Colors)," 21,400원"
277,./img_mu/1_277.jpg,골지 스판 밴딩 스탠다드 팬츠 블루그린 / GMP012BLGN-1791SS21," 13,200원"
278,./img_mu/1_278.jpg,골지 스판 밴딩 스탠다드 팬츠 라이트그레이 / GMP012LGR-1791SS21," 13,200원"
279,./img_mu/1_279.jpg,골지 스판 밴딩 스탠다드 팬츠 딥네이비 / GMP012DNV-1791SS21," 13,200원"
280,./img_mu/1_280.jpg,나일론메탈 숏 팬츠 MUZSP004-KK," 25,200원"
281,./img_mu/1_281.jpg,나일론메탈 숏 팬츠 MUZSP004-DG," 25,200원"
282,./img_mu/1_282.jpg,나일론메탈 숏 팬츠 MUZSP004-NV," 25,200원"
283,./img_mu/1_283.jpg,나일론메탈 숏 팬츠 MUZSP004-BK," 25,200원"
284,./img_mu/1_284.jpg,슬릿포인트 미니 스커트 (베이지)," 26,000원"
285,./img_mu/1_285.jpg,SP-STANDARD SWEATPANTS IVORY," 31,500원"
286,./img_mu/1_286.jpg,SP-STANDARD SWEATPANTS BLACK," 31,500원"
287,./img_mu/1_287.jpg,SP-STANDARD SWEATPANTS MELANGE GREY," 31,500원"
288,./img_mu/1_288.jpg,Twill Shorts (U19BBPT26)," 15,900원"
289,./img_mu/1_289.jpg,(여성) 스트링 액티비키니 - 네온 옐로우," 12,900원"
290,./img_mu/1_290.jpg,EDC 파우치 백 - 블랙 / SS21-AC-01A," 43,900원"
291,./img_mu/1_291.jpg,[컬럼비아X디즈니] 쉬레덜 햇 - 레드," 11,900원"
292,./img_mu/1_292.jpg,T215AACU07_WH LABEL 6PANEL BUCKET HAT," 19,900원"
293,./img_mu/1_293.jpg,T212AACU06_NL STANDARD BUCKET HAT," 19,900원"
294,./img_mu/1_294.jpg,T212AACU05_MESH SUMMER BUCKET HAT," 19,900원"
295,./img_mu/1_295.jpg,에어 맥스 97 - 블랙:레드 / 921826014," 117,900원"
296,./img_mu/1_296.jpg,클래식 레더 레거시 - 블랙 / S24169," 59,900원"
297,./img_mu/1_297.jpg,리복 X 5252 DMX 시리즈 1200 - 라일락 / H05298," 54,900원"
298,./img_mu/1_298.jpg,리복 X BEP 클래식 슬라이드 - 블랙 / G55625," 22,900원"
299,./img_mu/1_299.jpg,로얄 브릿지 - 블랙 / GV7138," 42,900원"
300,./img_mu/1_300.jpg,프리미어 로드 모던 - 그린:그레이 / FZ1690," 119,900원"
301,./img_mu/1_301.jpg,리복X오프닝세레모니 인스타펌프 퓨리 OG - 타탄체크 / FW2474," 119,900원"
302,./img_mu/1_302.jpg,2000밀레니엄 스니커즈 10종," 34,500원"
303,./img_mu/1_303.jpg,[Fellas Studio] Runway Ivory," 20,650원"
304,./img_mu/1_304.jpg,[Fellas Studio] Runway Orange," 20,650원"
305,./img_mu/1_305.jpg,조이 스니커즈 AFHC79A13," 12,935원"
306,./img_mu/1_306.jpg,슈펜 x 비슬로우 베이직 화이트 스니커즈 BYSS20W61," 29,940원"
307,./img_mu/1_307.jpg,[10팩] 슈탠다드 양말_남녀 숏앵클 삭스 LGKA79A22," 8,950원"
308,./img_mu/1_308.jpg,[슈펜X전황일] 전황일콜라보 힙색 TPBT79W73," 15,540원"
309,./img_mu/1_309.jpg,CITY BOYS BRIEFCASE 001 Stone Grey," 111,300원"
310,./img_mu/1_310.jpg,CITY BOYS BRIEFCASE 001 Sand," 111,300원"
311,./img_mu/1_311.jpg,CITY BOYS BRIEFCASE 001 Black," 111,300원"
312,./img_mu/1_312.jpg,Milk joie-white(레더 카드지갑)," 16,750원"
313,./img_mu/1_313.jpg,Dot flower merry-black(레더 카드지갑)," 16,750원"
314,./img_mu/1_314.jpg,Awesome cat-black(PVC 카드지갑)," 16,330원"
315,./img_mu/1_315.jpg,[silver925] DS10 Colorful flower beads bracelet (Yellow)," 24,000원"
316,./img_mu/1_316.jpg,[silver925] DS13 Colorful pearl beads bracelet," 24,000원"
317,./img_mu/1_317.jpg,DS32 Red beads bracelet," 8,900원"
318,./img_mu/1_318.jpg,DS44 Pearl ring set," 9,900원"
319,./img_mu/1_319.jpg,DS47 Bear pearl necklace," 8,600원"
320,./img_mu/1_320.jpg,DS52 Big flower beads bracelet," 9,900원"
321,./img_mu/1_321.jpg,[2SET]벨루X콜라보반지 1105 젤리통통아크릴링," 6,000원"
322,./img_mu/1_322.jpg,[랜덤박스2SET] 1053 목걸이+반지+귀걸이+팔찌 랜덤박스," 8,900원"
323,./img_mu/1_323.jpg,[써지컬스틸] BR22 Diagonal texture layered ring," 12,900원"
324,./img_mu/1_324.jpg,SCB098 Layered chain bracelet2," 9,800원"
325,./img_mu/1_325.jpg,BW036 가죽원형팬던트팔찌," 8,600원"
326,./img_mu/1_326.jpg,[2020S/S] SCB003 [Surgical steel] Logo black matt ring," 8,900원"
327,./img_mu/1_327.jpg,[Silver925] TN001 Wave drop rine pendant necklace," 28,000원"
328,./img_mu/1_328.jpg,178 Tie A Knot Bracelet," 17,000원"
329,./img_mu/1_329.jpg,남자 크로노그래프 메탈시계 HC711BK," 69,000원"
330,./img_mu/1_330.jpg,남자 클래식 가죽시계 HC716L-RG," 39,000원"
331,./img_mu/1_331.jpg,블랙에디션 차량용 방향제 120mlx2 + 선물용쇼핑백," 30,900원"
332,./img_mu/1_332.jpg,프리저브드 룸센트 디퓨저 100ml 향기 3종 택1," 7,900원"
333,./img_mu/1_333.jpg,고요 인센스스틱 페퍼민트 온 1팩," 37,500원"
334,./img_mu/1_334.jpg,뉴 인센스스틱 1팩 + 우드홀더L 세트," 42,900원"
335,./img_mu/1_335.jpg,LP BOX WHITE," 86,400원"
336,./img_mu/1_336.jpg,에토우 라운드 반팔티 차콜 / GMT018-1791SS21," 13,500원"
337,./img_mu/1_337.jpg,아텔 라운드 반팔티 화이트 / GMT001-1791SS21," 13,000원"
338,./img_mu/1_338.jpg,아텔 라운드 반팔티 차콜 / GMT001-1791SS21," 13,000원"
339,./img_mu/1_339.jpg,아텔 라운드 반팔티 네이비 / GMT001-1791SS21," 13,000원"
340,./img_mu/1_340.jpg,베홈스 반팔티 블랙 / GMT009-1791SS21," 13,000원"
341,./img_mu/1_341.jpg,베홈스 반팔티 그레이 / GMT009-1791SS21," 13,000원"
342,./img_mu/1_342.jpg,베홈스 반팔티 퍼플 / GMT009-1791SS21," 13,000원"
343,./img_mu/1_343.jpg,베홈스 반팔티 레드 / GMT009-1791SS21," 13,000원"
344,./img_mu/1_344.jpg,베홈스 반팔티 화이트 / GMT009-1791SS21," 13,000원"
345,./img_mu/1_345.jpg,로히피 반팔티 레드 / GMT008-1791SS21," 13,000원"
346,./img_mu/1_346.jpg,켄뮤지 반팔티 화이트 / GMT010-1791SS21," 13,000원"
347,./img_mu/1_347.jpg,켄뮤지 반팔티 스카이블루 / GMT010-1791SS21," 13,000원"
348,./img_mu/1_348.jpg,에토우 라운드 반팔티 화이트 / GMT018-1791SS21," 13,500원"
349,./img_mu/1_349.jpg,에토우 라운드 반팔티 머스타드 / GMT018-1791SS21," 13,500원"
350,./img_mu/1_350.jpg,에토우 라운드 반팔티 민트 / GMT018-1791SS21," 13,500원"
351,./img_mu/1_351.jpg,에토우 라운드 반팔티 네이비 / GMT018-1791SS21," 13,500원"
352,./img_mu/1_352.jpg,에토우 라운드 반팔티 블랙 / GMT018-1791SS21," 13,500원"
353,./img_mu/1_353.jpg,라그린 라운드 반팔티 화이트 / GMT005-1791SS21," 14,000원"
354,./img_mu/1_354.jpg,라그린 라운드 반팔티 블랙 / GMT005-1791SS21," 14,000원"
355,./img_mu/1_355.jpg,모자크 라운드 반팔티 오렌지 / GMT002-1791SS21," 14,500원"
356,./img_mu/1_356.jpg,모자크 라운드 반팔티 퍼플 / GMT002-1791SS21," 14,500원"
357,./img_mu/1_357.jpg,모자크 라운드 반팔티 블랙 / GMT002-1791SS21," 14,500원"
358,./img_mu/1_358.jpg,분타 성조기 라운드 반팔티 화이트 / GMT003-1791SS21," 14,500원"
359,./img_mu/1_359.jpg,분타 성조기 라운드 반팔티 카키 / GMT003-1791SS21," 14,500원"
360,./img_mu/1_360.jpg,분타 성조기 라운드 반팔티 차콜 / GMT003-1791SS21," 14,500원"
361,./img_mu/1_361.jpg,테리얼 라운드 반팔티 화이트 / GMT004-1791SS21," 14,500원"
362,./img_mu/1_362.jpg,테리얼 라운드 반팔티 네이비 / GMT004-1791SS21," 14,500원"
363,./img_mu/1_363.jpg,멘테이 라운드 반팔티 화이트 / GMT006-1791SS21," 14,500원"
364,./img_mu/1_364.jpg,멘테이 라운드 반팔티 블랙 / GMT006-1791SS21," 14,500원"
365,./img_mu/1_365.jpg,펑션 라운드 반팔티 화이트 / GMT007-1791SS21," 14,500원"
366,./img_mu/1_366.jpg,펑션 라운드 반팔티 카키 / GMT007-1791SS21," 14,500원"
367,./img_mu/1_367.jpg,펑션 라운드 반팔티 차콜 / GMT007-1791SS21," 14,500원"
368,./img_mu/1_368.jpg,피드박스 반팔티 화이트 / GMT011-1791SS21," 14,500원"
369,./img_mu/1_369.jpg,피드박스 반팔티 라이트그린 / GMT011-1791SS21," 14,500원"
370,./img_mu/1_370.jpg,비비엘 7부티 화이트 / GMT014-1791SS21," 15,000원"
371,./img_mu/1_371.jpg,비비엘 7부티 네이비 / GMT014-1791SS21," 15,000원"
372,./img_mu/1_372.jpg,피드박스 긴팔티 블루 / GMT012-1791SS21," 15,750원"
373,./img_mu/1_373.jpg,피드박스 긴팔티 그린 / GMT012-1791SS21," 15,750원"
374,./img_mu/1_374.jpg,아마린 긴팔티 화이트 / GMT013-1791SS21," 15,750원"
375,./img_mu/1_375.jpg,아마린 긴팔티 민트 / GMT013-1791SS21," 15,750원"
376,./img_mu/1_376.jpg,미트레 밴딩 숏팬츠 아이보리 / GMT015-1791SS21," 14,500원"
377,./img_mu/1_377.jpg,미트레 밴딩 숏팬츠 네이비 / GMT015-1791SS21," 14,500원"
378,./img_mu/1_378.jpg,미트레 밴딩 숏팬츠 그레이 / GMT015-1791SS21," 14,500원"
379,./img_mu/1_379.jpg,그래이크 와이드 데님팬츠 연청 / GMT016-1791SS21," 34,000원"
380,./img_mu/1_380.jpg,그리드 볼캡 블랙 / GMH003-1791SS21," 7,200원"
381,./img_mu/1_381.jpg,플래그 볼캡 베이지 / GMH004-1791SS21," 7,200원"
382,./img_mu/1_382.jpg,플래그 볼캡 블랙 / GMH004-1791SS21," 7,200원"
383,./img_mu/1_383.jpg,플래그마틴 버킷햇 베이지 / GMH002-1791SS21," 7,800원"
384,./img_mu/1_384.jpg,플래그마틴 버킷햇 블랙 / GMH002-1791SS21," 7,800원"
385,./img_mu/1_385.jpg,마틴 버킷햇 블랙 / GMH001-1791SS21," 7,800원"
386,./img_mu/1_386.jpg,모노그램 다이아 그라데이션 백 빅로고 오버핏 맨투맨 NY (Ivory),"99,000원"
387,./img_mu/1_387.jpg,모노그램 다이아 그라데이션 백 빅로고 오버핏 맨투맨 NY (Melange Grey),"99,000원"
388,./img_mu/1_388.jpg,메가로고 트레이닝집업 (셋업) NY (L.Beige),"109,000원"
389,./img_mu/1_389.jpg,메가로고 트레이닝집업 (셋업) NY (Black),"109,000원"
390,./img_mu/1_390.jpg,모노그램 그라데이션 빅로고 메가 오버핏 후드티 NY (Ivory),"129,000원"
391,./img_mu/1_391.jpg,모노그램 그라데이션 빅로고 메가 오버핏 후드티 NY (Melange Grey),"129,000원"
392,./img_mu/1_392.jpg,베이직 가디건 NY (Black),"189,000원"
393,./img_mu/1_393.jpg,베이직 가디건 NY (Sand),"189,000원"
394,./img_mu/1_394.jpg,모노그램 가디건 NY (Black),"229,000원"
395,./img_mu/1_395.jpg,모노그램 가디건 NY (D.Blue),"229,000원"
396,./img_mu/1_396.jpg,모노그램 다이아 가디건 B (D.Beige),"229,000원"
397,./img_mu/1_397.jpg,모노그램 다이아 가디건 NY (Black),"229,000원"
398,./img_mu/1_398.jpg,모노그램 다이아 가디건 NY (D.Blue),"229,000원"
399,./img_mu/1_399.jpg,하트 코튼 언스트럭쳐 볼캡 B (Grey),"39,000원"
400,./img_mu/1_400.jpg,하트 코튼 언스트럭쳐 볼캡 NY (L.Beige),"39,000원"
401,./img_mu/1_401.jpg,하트 코튼 언스트럭쳐 볼캡 NY (Black),"39,000원"
402,./img_mu/1_402.jpg,스마일 언스트럭쳐 볼캡 B (Brown),"39,000원"
403,./img_mu/1_403.jpg,스마일 언스트럭쳐 볼캡 NY (Black),"39,000원"
404,./img_mu/1_404.jpg,스마일 언스트럭쳐 볼캡 NY (Grey),"39,000원"
405,./img_mu/1_405.jpg,하트 비니 B (Melange Grey),"49,000원"
406,./img_mu/1_406.jpg,하트 비니 B (Red),"49,000원"
407,./img_mu/1_407.jpg,하트 비니 NY (L.Beige),"49,000원"
408,./img_mu/1_408.jpg,하트 비니 NY (Black),"49,000원"
409,./img_mu/1_409.jpg,스마일 돔햇 B (Brown),"53,000원"
410,./img_mu/1_410.jpg,스마일 돔햇 NY (Black),"53,000원"
411,./img_mu/1_411.jpg,모노그램 다이아 자카드 언스트럭쳐 볼캡 B (D.Beige),"59,000원"
412,./img_mu/1_412.jpg,모노그램 다이아 자카드 언스트럭쳐 볼캡 NY (D.Blue),"59,000원"
413,./img_mu/1_413.jpg,모노그램 다이아 자카드 언스트럭쳐 볼캡 NY (Grey),"59,000원"
414,./img_mu/1_414.jpg,청키 조거 씸볼 (CHUNKY JOGGER SEAMBALL) LA (Lavender),"119,000원"
415,./img_mu/1_415.jpg,청키 조거 씸볼 (CHUNKY JOGGER SEAMBALL) NY (Black),"119,000원"
416,./img_mu/1_416.jpg,청키 조거 씸볼 (CHUNKY JOGGER SEAMBALL) NY (Ivory),"119,000원"
417,./img_mu/1_417.jpg,청키하이 하트 LA (Ivory),"119,000원"
418,./img_mu/1_418.jpg,청키하이 하트 NY (Black),"119,000원"
419,./img_mu/1_419.jpg,빅볼청키 모노 힐 B (D.Beige),"129,000원"
420,./img_mu/1_420.jpg,빅볼청키 모노 힐 NY (Black),"129,000원"
421,./img_mu/1_421.jpg,dual pocket messenger bag / black," 89,200원"
422,./img_mu/1_422.jpg,TDR tote bag / black," 28,800원"
423,./img_mu/1_423.jpg,dual pocket backpack / black," 79,200원"
424,./img_mu/1_424.jpg,meridienne tee / black," 43,200원"
425,./img_mu/1_425.jpg,meridienne tee / dyed charcoal," 43,200원"
426,./img_mu/1_426.jpg,meridienne tee / white," 43,200원"
427,./img_mu/1_427.jpg,뉴 플래그 캡 (T32B6AHT05CMT2TJP),"42,000원"
428,./img_mu/1_428.jpg,뉴 플래그 캡 (T32B6AHT05CMT2ABI),"42,000원"
429,./img_mu/1_429.jpg,코튼 플래그 볼캡 (T32B1AHT01CMT2BDS),"42,000원"
430,./img_mu/1_430.jpg,플래그 캡 (T32B6AHT10TMT1KBL),"42,000원"
431,./img_mu/1_431.jpg,엘레베이트 캡 (T32B6AHT03CMT2BDS),"42,000원"
432,./img_mu/1_432.jpg,엘레베이트 캡 (T32B6AHT03CMT2YBR),"42,000원"
433,./img_mu/1_433.jpg,엘레베이트 캡 (T32B6AHT03CMT2ABI),"42,000원"
434,./img_mu/1_434.jpg,오가닉 볼캡 (T32B1AHT02CMT2BDS),"42,000원"
435,./img_mu/1_435.jpg,오가닉 볼캡 (T32B1AHT02CMT2YBR),"42,000원"
436,./img_mu/1_436.jpg,코튼 플래그 볼캡 (T32B1AHT01CMT2ABM),"42,000원"
437,./img_mu/1_437.jpg,코튼 플래그 볼캡 (T32B1AHT01CMT2L8Q),"42,000원"
438,./img_mu/1_438.jpg,코튼 플래그 볼캡 (T32B1AHT01CMT2TPL),"42,000원"
439,./img_mu/1_439.jpg,플래그 워시 데님 캡 (T32B6AHT14TWT1TIF),"48,000원"
440,./img_mu/1_440.jpg,코튼 시그니쳐 뱃지 버킷햇 (T32B1AHT67CMT4YBR),"52,000원"
441,./img_mu/1_441.jpg,코튼 시그니쳐 뱃지 버킷햇 (T32B1AHT67CMT4ABM),"52,000원"
442,./img_mu/1_442.jpg,코튼 헤리티지 플래그 볼캡 (T32B6AHT11TWT1YBR),"58,000원"
443,./img_mu/1_443.jpg,코튼 헤리티지 버킷햇 (T32B1AHT66CMT1YBR),"58,000원"
444,./img_mu/1_444.jpg,헤리티지 로고 플레이 버킷햇 (T32B6AHT11TMT10GY),"68,000원"
445,./img_mu/1_445.jpg,코튼 헤리티지 플래그 버킷햇 (T32B6AHT13TWT1YBR),"68,000원"
446,./img_mu/1_446.jpg,칼리지 버킷햇 (T32B7AHT86TMT4W03),"48,000원"
447,./img_mu/1_447.jpg,칼리지 버킷햇 (T32B7AHT86TMT4THT),"48,000원"
448,./img_mu/1_448.jpg,뉴 헤리티지 버킷햇 (T32B7AHT40CMT2ABI),"52,000원"
449,./img_mu/1_449.jpg,뉴 헤리티지 버킷햇 (T32B7AHT40CMT2BDS),"52,000원"
450,./img_mu/1_450.jpg,면혼방 와이드핏 버킷햇 (T32B1AHT45CWT2YBR),"52,000원"
451,./img_mu/1_451.jpg,뱃지 와이드 버킷햇 (T32B1AHT41CMT2ABM),"52,000원"
452,./img_mu/1_452.jpg,워시드 볼캡 (T32B7AHT41TMT2BDS),"58,000원"
453,./img_mu/1_453.jpg,어반 테크 버킷햇 (T32B7AHT64TMT4BDS),"62,000원"
454,./img_mu/1_454.jpg,헤리티지 데님 버킷 햇 (T32B6AHT12CWT10GZ),"68,000원"
455,./img_mu/1_455.jpg,포켓 헤리티지 범백 (T32B1ABG60TMT1BDS)," 68,600원"
456,./img_mu/1_456.jpg,포켓 헤리티지 범백 (T32B1ABG60TMT1YBR)," 68,600원"
457,./img_mu/1_457.jpg,오벌 헤리티지 볼백 (T32B1ABG66TMT30G0)," 68,600원"
458,./img_mu/1_458.jpg,캠퍼스 미디움 톤온톤 토트백 (T32B1ABG53TWT1C87)," 68,600원"
459,./img_mu/1_459.jpg,플레그 프린트 캔버스백 (T32B0ABG32TMT2PDP)," 68,600원"
460,./img_mu/1_460.jpg,플레그 프린트 캔버스백 (T32B0ABG32TMT2BDS)," 68,600원"
461,./img_mu/1_461.jpg,칼리지 코듀로이 범백 (T32B7ABG86TWT4YA8),"78,000원"
462,./img_mu/1_462.jpg,칼리지 코듀로이 범백 (T32B7ABG86TWT4TH9),"78,000원"
463,./img_mu/1_463.jpg,캔버스 로고 토트백 (T32B6ABG18TMT20F4),"78,000원"
464,./img_mu/1_464.jpg,캔버스 로고 토트백 (T32B6ABG18TMT2C87),"78,000원"
465,./img_mu/1_465.jpg,캔버스 플래그 블록 토트백 (T32B6ABG12TMT20F4),"78,000원"
466,./img_mu/1_466.jpg,캔버스 플래그 블록 토트백 (T32B6ABG12TMT2BDS),"78,000원"
467,./img_mu/1_467.jpg,나일론 숄더백 (T32B7ABG54TWT1BDS),"88,000원"
468,./img_mu/1_468.jpg,스퀘어 메탈릭 크로스오버백 (T32B1ABG67TWT10IM)," 89,600원"
469,./img_mu/1_469.jpg,캔버스 헤리티지 토트백 (T32B1ABG69TWT1C87)," 89,600원"
470,./img_mu/1_470.jpg,칼리지 코듀로이 토트백 (T32B7ABG85TWT4TH9),"98,000원"
471,./img_mu/1_471.jpg,데님 헤리티지 범백 (T32B6ABG12TWT10GZ),"98,000원"
472,./img_mu/1_472.jpg,캔버스 플래그 버킷백 (T32B6ABG10TMT20F4),"98,000원"
473,./img_mu/1_473.jpg,헤리티지 크로스오버백 (T32B7ABG53TWT1BDS),"108,000원"
474,./img_mu/1_474.jpg,플랩 헤리티지 백팩 (T32B1ABG64TMT30G0)," 117,600원"
475,./img_mu/1_475.jpg,헤리티지 크로스오버백 (T32B6ABG11TWT1C87),"118,000원"
476,./img_mu/1_476.jpg,베이직 로고 뱃지 슬링백 (T32B1ABG65TMT2BDS)," 124,600원"
477,./img_mu/1_477.jpg,베이직 로고 뱃지 슬링백 (T32B1ABG65TMT2C87)," 124,600원"
478,./img_mu/1_478.jpg,데님 헤리티지 크로스오버백 (T32B6ABG13TWT10GZ),"128,000원"
479,./img_mu/1_479.jpg,심플 배색 버킷백 (T32B6ABG17TMT2BDS),"138,000원"
480,./img_mu/1_480.jpg,심플 배색 버킷백 (T32B6ABG17TMT20K4),"138,000원"
481,./img_mu/1_481.jpg,캔버스 플랫 시티 크로스오버백 (T32B1ABG50TMT20HD)," 47,600원"
482,./img_mu/1_482.jpg,캔버스 플랫 시티 크로스오버백 (T32B1ABG50TMT2BDS)," 47,600원"
483,./img_mu/1_483.jpg,캔버스 스퀘어 에센셜 토트백 (T32B1ABG51TMT2C45)," 47,600원"
484,./img_mu/1_484.jpg,캔버스 스퀘어 에센셜 토트백 (T32B1ABG51TMT20HD)," 47,600원"
485,./img_mu/1_485.jpg,미니 트위스트 토트백 (T32B1ABG56TWT1BDS)," 54,600원"
486,./img_mu/1_486.jpg,코튼 헤리티지 컬러블록 볼캡 (T32B1AHT69TMT30G0)," 40,600원"
487,./img_mu/1_487.jpg,플래그 캡 (T32B7AHT01CMT2YA2),"42,000원"
488,./img_mu/1_488.jpg,칼리지 캡 (T32B7AHT85TMT4THT),"42,000원"
489,./img_mu/1_489.jpg,칼리지 캡 (T32B7AHT85TMT4W03),"42,000원"
490,./img_mu/1_490.jpg,오리지널 플래그 볼캡 (T32B7AHT01TMT2VQ6),"42,000원"
491,./img_mu/1_491.jpg,데님 시티 토트백 (T32B6ABG14TMT20GY),"58,000원"
492,./img_mu/1_492.jpg,캔버스 시티 토트백 (T32B6ABG13TMT20F4),"58,000원"
493,./img_mu/1_493.jpg,소가죽 캐주얼 오벌 벨트 (T32B1ABE63TWT1GB8)," 61,600원"
494,./img_mu/1_494.jpg,소가죽 캐주얼 오벌 벨트 (T32B1ABE63TWT1BDS)," 61,600원"
495,./img_mu/1_495.jpg,오블 레더 벨트 (T32B7ABE55TWT1ABI),"78,000원"
496,./img_mu/1_496.jpg,에센셀 웨빙 벨트 (T32B6ABE15TMT1BDS),"78,000원"
497,./img_mu/1_497.jpg,스퀘어 플래그 벨트 (T32B6ABE37TWT1BDS),"88,000원"
498,./img_mu/1_498.jpg,패션 위빙 벨트 (T32B1ABE58TMT4CKT)," 54,600원"
499,./img_mu/1_499.jpg,패션 위빙 벨트 (T32B1ABE58TMT4BDS)," 54,600원"
500,./img_mu/1_500.jpg,컬러 마스크 3set (T32B1AZZ03TMT40GJ)," 40,600원"
